{
  "tournament_results": {
    "Null": {
      "scores": [
        647.0588235294117,
        0.0,
        0.0
      ],
      "times": [
        2.6226043701171875e-06,
        2.384185791015625e-06,
        2.384185791015625e-06
      ],
      "waypoint_counts": [
        0,
        0,
        0
      ],
      "successful_runs": 3,
      "failed_runs": 0,
      "timeout_runs": 0,
      "error_messages": [],
      "avg_score": 215.6862745098039,
      "total_score": 647.0588235294117,
      "avg_time": 2.463658650716146e-06,
      "avg_waypoints": 0.0
    },
    "CornerTurning": {
      "scores": [
        657.3170731707316,
        0.0,
        32.864197530864196,
        612.7906976744187
      ],
      "times": [
        0.1812899112701416,
        0.0013437271118164062,
        0.0278775691986084,
        0.09186339378356934
      ],
      "waypoint_counts": [
        0,
        0,
        1,
        0
      ],
      "successful_runs": 4,
      "failed_runs": 0,
      "timeout_runs": 0,
      "error_messages": [],
      "avg_score": 325.7429920940036,
      "total_score": 1302.9719683760145,
      "avg_time": 0.07559365034103394,
      "avg_waypoints": 0.25
    },
    "Chaos": {
      "scores": [
        10710.099422308207
      ],
      "times": [
        6.961822509765625e-05
      ],
      "waypoint_counts": [
        3
      ],
      "successful_runs": 1,
      "failed_runs": 0,
      "timeout_runs": 0,
      "error_messages": [],
      "avg_score": 10710.099422308207,
      "total_score": 10710.099422308207,
      "avg_time": 6.961822509765625e-05,
      "avg_waypoints": 3.0
    },
    "Anti": {
      "scores": [
        10706.0,
        10006.0
      ],
      "times": [
        0.0014510154724121094,
        0.0026388168334960938
      ],
      "waypoint_counts": [
        3,
        3
      ],
      "successful_runs": 2,
      "failed_runs": 0,
      "timeout_runs": 0,
      "error_messages": [],
      "avg_score": 10356.0,
      "total_score": 20712.0,
      "avg_time": 0.0020449161529541016,
      "avg_waypoints": 3.0
    },
    "Mega": {
      "scores": [
        2.0,
        10648.42857142857
      ],
      "times": [
        0.008547544479370117,
        0.0006213188171386719
      ],
      "waypoint_counts": [
        1,
        1
      ],
      "successful_runs": 2,
      "failed_runs": 0,
      "timeout_runs": 0,
      "error_messages": [],
      "avg_score": 5325.214285714285,
      "total_score": 10650.42857142857,
      "avg_time": 0.0045844316482543945,
      "avg_waypoints": 1.0
    },
    "Fibonacci": {
      "scores": [
        2.2234019953587136,
        10706.0
      ],
      "times": [
        0.0006537437438964844,
        0.0007159709930419922
      ],
      "waypoint_counts": [
        1,
        3
      ],
      "successful_runs": 2,
      "failed_runs": 0,
      "timeout_runs": 0,
      "error_messages": [],
      "avg_score": 5354.11170099768,
      "total_score": 10708.22340199536,
      "avg_time": 0.0006848573684692383,
      "avg_waypoints": 2.0
    },
    "Mirror": {
      "scores": [
        10704.0,
        10704.0,
        10704.0
      ],
      "times": [
        0.0001697540283203125,
        0.00017189979553222656,
        0.00022983551025390625
      ],
      "waypoint_counts": [
        2,
        2,
        2
      ],
      "successful_runs": 3,
      "failed_runs": 0,
      "timeout_runs": 0,
      "error_messages": [],
      "avg_score": 10704.0,
      "total_score": 32112.0,
      "avg_time": 0.00019049644470214844,
      "avg_waypoints": 2.0
    },
    "Prime": {
      "scores": [
        10696.306457751047,
        10033.732478588225,
        10141.441865557252
      ],
      "times": [
        0.00016045570373535156,
        0.00014519691467285156,
        0.0001709461212158203
      ],
      "waypoint_counts": [
        3,
        1,
        3
      ],
      "successful_runs": 3,
      "failed_runs": 0,
      "timeout_runs": 0,
      "error_messages": [],
      "avg_score": 10290.493600632175,
      "total_score": 30871.480801896523,
      "avg_time": 0.00015886624654134115,
      "avg_waypoints": 2.3333333333333335
    },
    "TimeBased": {
      "scores": [
        10054.0,
        10108.845513366776,
        10034.460499163804
      ],
      "times": [
        0.0001983642578125,
        0.0002071857452392578,
        0.00016450881958007812
      ],
      "waypoint_counts": [
        2,
        2,
        2
      ],
      "successful_runs": 3,
      "failed_runs": 0,
      "timeout_runs": 0,
      "error_messages": [],
      "avg_score": 10065.768670843527,
      "total_score": 30197.30601253058,
      "avg_time": 0.0001900196075439453,
      "avg_waypoints": 2.0
    },
    "CornerMagnifier": {
      "scores": [
        10715.0,
        10761.0,
        0.0
      ],
      "times": [
        0.0540463924407959,
        0.06919741630554199,
        0.3753643035888672
      ],
      "waypoint_counts": [
        5,
        8,
        0
      ],
      "successful_runs": 3,
      "failed_runs": 0,
      "timeout_runs": 0,
      "error_messages": [],
      "avg_score": 7158.666666666667,
      "total_score": 21476.0,
      "avg_time": 0.16620270411173502,
      "avg_waypoints": 4.333333333333333
    },
    "EdgeHugger": {
      "scores": [
        10708.0,
        10748.273843029141,
        10046.0
      ],
      "times": [
        0.03531169891357422,
        0.05865073204040527,
        0.042743682861328125
      ],
      "waypoint_counts": [
        4,
        4,
        3
      ],
      "successful_runs": 3,
      "failed_runs": 0,
      "timeout_runs": 0,
      "error_messages": [],
      "avg_score": 10500.75794767638,
      "total_score": 31502.273843029143,
      "avg_time": 0.04556870460510254,
      "avg_waypoints": 3.6666666666666665
    }
  },
  "execution_summary": {
    "total_time_seconds": 5.783238172531128,
    "total_tasks": 36,
    "successful_tasks": 29,
    "failed_tasks": 0,
    "timeout_tasks": 7,
    "tasks_per_second": 6.2248862879261315,
    "best_generator": "Null",
    "test_case_count": 3,
    "generator_count": 12
  },
  "configuration": {
    "max_workers": 16,
    "timeout_per_algorithm": 3.0,
    "use_subprocess": true
  },
  "category_analysis": {
    "basic": {
      "algorithm_count": 2,
      "successful_count": 2,
      "best_algorithm": "Null",
      "avg_category_score": 270.71463330190375,
      "success_rate": 1.0
    },
    "weird": {
      "algorithm_count": 9,
      "successful_count": 9,
      "best_algorithm": "Mega",
      "avg_category_score": 8940.56803275988,
      "success_rate": 1.0
    }
  },
  "algorithm_categories": {
    "basic": {
      "Null": {
        "scores": [
          647.0588235294117,
          0.0,
          0.0
        ],
        "times": [
          2.6226043701171875e-06,
          2.384185791015625e-06,
          2.384185791015625e-06
        ],
        "waypoint_counts": [
          0,
          0,
          0
        ],
        "successful_runs": 3,
        "failed_runs": 0,
        "timeout_runs": 0,
        "error_messages": [],
        "avg_score": 215.6862745098039,
        "total_score": 647.0588235294117,
        "avg_time": 2.463658650716146e-06,
        "avg_waypoints": 0.0
      },
      "CornerTurning": {
        "scores": [
          657.3170731707316,
          0.0,
          32.864197530864196,
          612.7906976744187
        ],
        "times": [
          0.1812899112701416,
          0.0013437271118164062,
          0.0278775691986084,
          0.09186339378356934
        ],
        "waypoint_counts": [
          0,
          0,
          1,
          0
        ],
        "successful_runs": 4,
        "failed_runs": 0,
        "timeout_runs": 0,
        "error_messages": [],
        "avg_score": 325.7429920940036,
        "total_score": 1302.9719683760145,
        "avg_time": 0.07559365034103394,
        "avg_waypoints": 0.25
      }
    },
    "creative": {},