{
  "tournament_results": {
    "Null": {
      "scores": [
        0.0,
        0.0,
        0.0,
        0.0,
        0.0,
        0.0,
        0.0,
        0.0,
        0.0,
        0.0,
        0.0,
        0.0,
        0.0,
        0.0,
        0.0,
        0.0,
        0.0,
        0.0,
        0.0,
        0.0
      ],
      "times": [
        9.5367431640625e-07,
        1.1920928955078125e-06,
        3.5762786865234375e-06,
        3.337860107421875e-06,
        1.9073486328125e-06,
        3.814697265625e-06,
        2.86102294921875e-06,
        4.291534423828125e-06,
        3.5762786865234375e-06,
        1.430511474609375e-06,
        3.337860107421875e-06,
        2.6226043701171875e-06,
        5.0067901611328125e-06,
        3.337860107421875e-06,
        3.0994415283203125e-06,
        1.1920928955078125e-06,
        7.152557373046875e-07,
        5.245208740234375e-06,
        3.0994415283203125e-06,
        2.384185791015625e-06
      ],
      "waypoint_counts": [
        0,
        0,
        0,
        0,
        0,
        0,
        0,
        0,
        0,
        0,
        0,
        0,
        0,
        0,
        0,
        0,
        0,
        0,
        0,
        0
      ],
      "skippable_count": 0,
      "error_count": 0,
      "total_score": 0.0,
      "avg_time": 2.8491020202636717e-06,
      "avg_waypoints": 0.0,
      "avg_score": 0.0,
      "median_score": 0.0,
      "max_time": 5.245208740234375e-06
    },
    "CornerTurning": {
      "scores": [
        1.0,
        1.0,
        0.0,
        0.0,
        0.0,
        0.0,
        0.0,
        0.0,
        0.0,
        0.0,
        1.0,
        1.0,
        0.0,
        0.0,
        0.0,
        0.0,
        0.0,
        0.0,
        0.0,
        0.0,
        0.0,
        0.0,
        0.0,
        0.0,
        0.0,
        0.0,
        0.0,
        0.0,
        0.0,
        0.0,
        0.0,
        0.0,
        1.0,
        1.0,
        0.0,
        0.0,
        0.0,
        0.0,
        0.0,
        0.0
      ],
      "times": [
        0.0032210350036621094,
        0.0027785301208496094,
        0.0007369518280029297,
        0.0006721019744873047,
        0.09348058700561523,
        0.11620855331420898,
        0.003953456878662109,
        0.003816843032836914,
        0.17663049697875977,
        0.1498422622680664,
        0.03401970863342285,
        0.028076887130737305,
        0.19916057586669922,
        0.23599767684936523,
        0.03726911544799805,
        0.04490518569946289,
        0.0004277229309082031,
        0.0003726482391357422,
        0.0785665512084961,
        0.08144164085388184,
        0.08236908912658691,
        0.07599186897277832,
        0.10546159744262695,
        0.10149097442626953,
        0.00038051605224609375,
        0.0003597736358642578,
        0.0005335807800292969,
        0.0005075931549072266,
        0.00026869773864746094,
        0.0002751350402832031,
        0.003476858139038086,
        0.0037872791290283203,
        0.2719762325286865,
        0.21210122108459473,
        0.13361835479736328,
        0.10643219947814941,
        0.004227161407470703,
        0.004905223846435547,
        0.0007617473602294922,
        0.0006356239318847656
      ],
      "waypoint_counts": [
        1,
        1,
        0,
        0,
        0,
        0,
        0,
        0,
        0,
        0,
        1,
        1,
        0,
        0,
        0,
        0,
        0,
        0,
        0,
        0,
        0,
        0,
        0,
        0,
        0,
        0,
        0,
        0,
        0,
        0,
        0,
        0,
        1,
        1,
        0,
        0,
        0,
        0,
        0,
        0
      ],
      "skippable_count": 0,
      "error_count": 0,
      "total_score": 6.0,
      "avg_time": 0.060028481483459475,
      "avg_waypoints": 0.15,
      "avg_score": 0.15,
      "median_score": 0.0,
      "max_time": 0.2719762325286865
    }
  },
  "test_configuration": {
    "total_levels_attempted": 20,
    "successful_levels": 20,
    "failed_levels": 0,
    "max_levels_requested": 20,
    "use_creative": false,
    "use_improved_scoring": true,
    "image_dimensions": [
      200,
      145
    ],
    "execution_time_seconds": 10.676785230636597
  },
  "failed_level_analysis": {
    "total_failed": 0
  },
  "performance_analysis": {
    "algorithm_rankings": [
      {
        "name": "Null",
        "avg_score": 0.0,
        "total_score": 0.0,
        "error_rate": 0.0,
        "skippable_rate": 0.0,
        "avg_waypoints": 0.0,
        "avg_time": 2.8491020202636717e-06
      },
      {
        "name": "CornerTurning",
        "avg_score": 0.15,
        "total_score": 6.0,
        "error_rate": 0.0,
        "skippable_rate": 0.0,
        "avg_waypoints": 0.15,
        "avg_time": 0.060028481483459475
      }
    ],
    "score_statistics": {
      "Null": {
        "mean": 0.0,
        "median": 0.0,
        "std_dev": 0.0,
        "min": 0.0,
        "max": 0.0
      },
      "CornerTurning": {
        "mean": 0.15,
        "median": 0.0,
        "std_dev": 0.3616202853397895,
        "min": 0.0,
        "max": 1.0
      }
    },
    "performance_categories": {
      "excellent": [
        "Null",
        "CornerTurning"
      ],
      "good": [],
      "mediocre": [],
      "poor": []
    },
    "reliability_analysis": {}
  },
  "level_difficulty_analysis": {
    "sample_size": 10,
    "most_difficult_levels": [
      {
        "level_id": "679125",
        "avg_score": 4768.472051158853,
        "min_score": 200.0,
        "max_score": 7057.125490310622,
        "score_variance": 15653222.17520735
      },
      {
        "level_id": "634052",
        "avg_score": 4533.264550757622,
        "min_score": 200.0,
        "max_score": 6705.0631567815935,
        "score_variance": 14082912.941111824
      },
      {
        "level_id": "680570",
        "avg_score": 200.0,
        "min_score": 200.0,
        "max_score": 200.0,
        "score_variance": 0.0
      },
      {
        "level_id": "674393",
        "avg_score": 200.0,
        "min_score": 200.0,
        "max_score": 200.0,
        "score_variance": 0.0
      },
      {
        "level_id": "676158",
        "avg_score": 200.0,
        "min_score": 200.0,
        "max_score": 200.0,
        "score_variance": 0.0
      }
    ],
    "easiest_levels": [
      {
        "level_id": "685944",
        "avg_score": 200.0,
        "min_score": 200.0,
        "max_score": 200.0,
        "score_variance": 0.0
      },
      {
        "level_id": "680345",
        "avg_score": 50.666666666666664,
        "min_score": 2.000000000000001,
        "max_score": 120.0,
        "score_variance": 3801.3333333333335
      },
      {
        "level_id": "679093",
        "avg_score": 0.0,
        "min_score": 0.0,
        "max_score": 0.0,
        "score_variance": 0.0
      },
      {
        "level_id": "673913",
        "avg_score": 0.0,
        "min_score": 0.0,
        "max_score": 0.0,
        "score_variance": 0.0
      },
      {
        "level_id": "687690",
        "avg_score": 0.0,
        "min_score": 0.0,
        "max_score": 0.0,
        "score_variance": 0.0
      }
    ],
    "difficulty_distribution": {
      "very_easy": 3,
      "easy": 0,
      "medium": 1,
      "hard": 4,
      "very_hard": 2
    }
  }
}