{
  "tournament_results": {
    "Null": {
      "scores": [
        0.0,
        0.0,
        0.0,
        0.0,
        0.0,
        0.0,
        0.0,
        0.0,
        0.0,
        0.0,
        0.0,
        0.0,
        0.0,
        0.0,
        0.0,
        0.0,
        0.0,
        0.0,
        0.0,
        0.0
      ],
      "times": [
        1.1920928955078125e-06,
        2.6226043701171875e-06,
        3.5762786865234375e-06,
        3.337860107421875e-06,
        1.430511474609375e-06,
        2.6226043701171875e-06,
        2.6226043701171875e-06,
        2.86102294921875e-06,
        2.86102294921875e-06,
        7.152557373046875e-07,
        3.5762786865234375e-06,
        2.86102294921875e-06,
        5.245208740234375e-06,
        2.6226043701171875e-06,
        2.86102294921875e-06,
        4.76837158203125e-07,
        4.76837158203125e-07,
        4.291534423828125e-06,
        2.6226043701171875e-06,
        2.86102294921875e-06
      ],
      "waypoint_counts": [
        0,
        0,
        0,
        0,
        0,
        0,
        0,
        0,
        0,
        0,
        0,
        0,
        0,
        0,
        0,
        0,
        0,
        0,
        0,
        0
      ],
      "skippable_count": 0,
      "error_count": 0,
      "total_score": 0.0,
      "avg_time": 2.586841583251953e-06,
      "avg_waypoints": 0.0,
      "avg_score": 0.0,
      "median_score": 0.0,
      "max_time": 5.245208740234375e-06
    },
    "CornerTurning": {
      "scores": [
        1.0,
        1.0,
        0.0,
        0.0,
        0.0,
        0.0,
        0.0,
        0.0,
        0.0,
        0.0,
        1.0,
        1.0,
        0.0,
        0.0,
        0.0,
        0.0,
        0.0,
        0.0,
        0.0,
        0.0,
        0.0,
        0.0,
        0.0,
        0.0,
        0.0,
        0.0,
        0.0,
        0.0,
        0.0,
        0.0,
        0.0,
        0.0,
        1.0,
        1.0,
        0.0,
        0.0,
        0.0,
        0.0,
        0.0,
        0.0
      ],
      "times": [
        0.003801107406616211,
        0.003884553909301758,
        0.0009264945983886719,
        0.0003981590270996094,
        0.09790897369384766,
        0.09340953826904297,
        0.0036840438842773438,
        0.0036389827728271484,
        0.149583101272583,
        0.13985919952392578,
        0.03413510322570801,
        0.029616117477416992,
        0.22885560989379883,
        0.15192079544067383,
        0.03719353675842285,
        0.03170657157897949,
        0.0003120899200439453,
        0.00029587745666503906,
        0.0674746036529541,
        0.053507328033447266,
        0.06599998474121094,
        0.06784510612487793,
        0.07396364212036133,
        0.09371805191040039,
        0.0004100799560546875,
        0.0004191398620605469,
        0.0003426074981689453,
        0.0004684925079345703,
        0.00026035308837890625,
        0.0002474784851074219,
        0.0029990673065185547,
        0.0031516551971435547,
        0.19790196418762207,
        0.20955133438110352,
        0.08568954467773438,
        0.10958552360534668,
        0.0045855045318603516,
        0.004139423370361328,
        0.00041866302490234375,
        0.0005047321319580078
      ],
      "waypoint_counts": [
        1,
        1,
        0,
        0,
        0,
        0,
        0,
        0,
        0,
        0,
        1,
        1,
        0,
        0,
        0,
        0,
        0,
        0,
        0,
        0,
        0,
        0,
        0,
        0,
        0,
        0,
        0,
        0,
        0,
        0,
        0,
        0,
        1,
        1,
        0,
        0,
        0,
        0,
        0,
        0
      ],
      "skippable_count": 0,
      "error_count": 0,
      "total_score": 6.0,
      "avg_time": 0.05135785341262818,
      "avg_waypoints": 0.15,
      "avg_score": 0.15,
      "median_score": 0.0,
      "max_time": 0.22885560989379883
    }
  },
  "test_configuration": {
    "total_levels_attempted": 20,
    "successful_levels": 20,
    "failed_levels": 0,
    "max_levels_requested": 20,
    "use_creative": false,
    "use_improved_scoring": true,
    "image_dimensions": [
      200,
      145
    ],
    "execution_time_seconds": 14.41170072555542
  },
  "failed_level_analysis": {
    "total_failed": 0
  },
  "performance_analysis": {
    "algorithm_rankings": [
      {
        "name": "Null",
        "avg_score": 0.0,
        "total_score": 0.0,
        "error_rate": 0.0,
        "skippable_rate": 0.0,
        "avg_waypoints": 0.0,
        "avg_time": 2.586841583251953e-06
      },
      {
        "name": "CornerTurning",
        "avg_score": 0.15,
        "total_score": 6.0,
        "error_rate": 0.0,
        "skippable_rate": 0.0,
        "avg_waypoints": 0.15,
        "avg_time": 0.05135785341262818
      }
    ],
    "score_statistics": {
      "Null": {
        "mean": 0.0,
        "median": 0.0,
        "std_dev": 0.0,
        "min": 0.0,
        "max": 0.0
      },
      "CornerTurning": {
        "mean": 0.15,
        "median": 0.0,
        "std_dev": 0.3616202853397895,
        "min": 0.0,
        "max": 1.0
      }
    },
    "performance_categories": {
      "excellent": [
        "Null",
        "CornerTurning"
      ],
      "good": [],
      "mediocre": [],
      "poor": []
    },
    "reliability_analysis": {}
  },
  "level_difficulty_analysis": {
    "sample_size": 10,
    "most_difficult_levels": [
      {
        "level_id": "679125",
        "avg_score": 4744.690714355119,
        "min_score": 200.0,
        "max_score": 7020.761853946986,
        "score_variance": 15490674.148313832
      },
      {
        "level_id": "634052",
        "avg_score": 4538.183042590279,
        "min_score": 200.0,
        "max_score": 6717.0423234482605,
        "score_variance": 14114969.492390268
      },
      {
        "level_id": "680570",
        "avg_score": 200.0,
        "min_score": 200.0,
        "max_score": 200.0,
        "score_variance": 0.0
      },
      {
        "level_id": "674393",
        "avg_score": 200.0,
        "min_score": 200.0,
        "max_score": 200.0,
        "score_variance": 0.0
      },
      {
        "level_id": "676158",
        "avg_score": 200.0,
        "min_score": 200.0,
        "max_score": 200.0,
        "score_variance": 0.0
      }
    ],
    "easiest_levels": [
      {
        "level_id": "685944",
        "avg_score": 200.0,
        "min_score": 200.0,
        "max_score": 200.0,
        "score_variance": 0.0
      },
      {
        "level_id": "680345",
        "avg_score": 86.66666666666667,
        "min_score": 30.0,
        "max_score": 120.0,
        "score_variance": 2433.3333333333335
      },
      {
        "level_id": "679093",
        "avg_score": 0.0,
        "min_score": 0.0,
        "max_score": 0.0,
        "score_variance": 0.0
      },
      {
        "level_id": "673913",
        "avg_score": 0.0,
        "min_score": 0.0,
        "max_score": 0.0,
        "score_variance": 0.0
      },
      {
        "level_id": "687690",
        "avg_score": 0.0,
        "min_score": 0.0,
        "max_score": 0.0,
        "score_variance": 0.0
      }
    ],
    "difficulty_distribution": {
      "very_easy": 3,
      "easy": 0,
      "medium": 1,
      "hard": 4,
      "very_hard": 2
    }
  }
}